d_gene,d_5_del,d_3_del,lbl__d_gene,lbl__d_5_del,lbl__d_3_del,Prob
0,0,0, TRBD1*01,-4,-4,0.0
0,0,1, TRBD1*01,-4,-3,0.0
0,0,2, TRBD1*01,-4,-2,0.0
0,0,3, TRBD1*01,-4,-1,1.6468e-08
0,0,4, TRBD1*01,-4,0,0.00482319
0,0,5, TRBD1*01,-4,1,1.08101e-09
0,0,6, TRBD1*01,-4,2,0.0195311
0,0,7, TRBD1*01,-4,3,0.0210679
0,0,8, TRBD1*01,-4,4,0.0359338
0,0,9, TRBD1*01,-4,5,0.0328678
0,0,10, TRBD1*01,-4,6,2.25686e-05
0,0,11, TRBD1*01,-4,7,4.97463e-07
0,0,12, TRBD1*01,-4,8,0.0
0,0,13, TRBD1*01,-4,9,9.31048e-08
0,0,14, TRBD1*01,-4,10,1.01642e-05
0,0,15, TRBD1*01,-4,11,0.000536761
0,0,16, TRBD1*01,-4,12,0.0260845
0,0,17, TRBD1*01,-4,13,0.0391021
0,0,18, TRBD1*01,-4,14,0.319224
0,0,19, TRBD1*01,-4,15,0.289631
0,0,20, TRBD1*01,-4,16,0.211165
0,1,0, TRBD1*01,-3,-4,0.0
0,1,1, TRBD1*01,-3,-3,0.0
0,1,2, TRBD1*01,-3,-2,6.86291e-08
0,1,3, TRBD1*01,-3,-1,2.00464e-09
0,1,4, TRBD1*01,-3,0,0.00163832
0,1,5, TRBD1*01,-3,1,2.02919e-06
0,1,6, TRBD1*01,-3,2,0.0306066
0,1,7, TRBD1*01,-3,3,0.0126832
0,1,8, TRBD1*01,-3,4,0.000872623
0,1,9, TRBD1*01,-3,5,0.016518
0,1,10, TRBD1*01,-3,6,0.00495292
0,1,11, TRBD1*01,-3,7,0.000776747
0,1,12, TRBD1*01,-3,8,4.45576e-05
0,1,13, TRBD1*01,-3,9,0.000667902
0,1,14, TRBD1*01,-3,10,0.00274004
0,1,15, TRBD1*01,-3,11,0.00435049
0,1,16, TRBD1*01,-3,12,0.300943
0,1,17, TRBD1*01,-3,13,0.182499
0,1,18, TRBD1*01,-3,14,0.13817
0,1,19, TRBD1*01,-3,15,0.302534
0,1,20, TRBD1*01,-3,16,0.0
0,2,0, TRBD1*01,-2,-4,0.0
0,2,1, TRBD1*01,-2,-3,0.0
0,2,2, TRBD1*01,-2,-2,0.0010922
0,2,3, TRBD1*01,-2,-1,0.000101759
0,2,4, TRBD1*01,-2,0,0.0562338
0,2,5, TRBD1*01,-2,1,0.000997324
0,2,6, TRBD1*01,-2,2,0.0595206
0,2,7, TRBD1*01,-2,3,0.274629
0,2,8, TRBD1*01,-2,4,0.0446017
0,2,9, TRBD1*01,-2,5,0.180203
0,2,10, TRBD1*01,-2,6,0.13423
0,2,11, TRBD1*01,-2,7,0.112544
0,2,12, TRBD1*01,-2,8,0.000267556
0,2,13, TRBD1*01,-2,9,0.0160603
0,2,14, TRBD1*01,-2,10,0.00233515
0,2,15, TRBD1*01,-2,11,0.0190926
0,2,16, TRBD1*01,-2,12,0.0269736
0,2,17, TRBD1*01,-2,13,0.0270157
0,2,18, TRBD1*01,-2,14,0.0441026
0,2,19, TRBD1*01,-2,15,0.0
0,2,20, TRBD1*01,-2,16,0.0
0,3,0, TRBD1*01,-1,-4,0.0
0,3,1, TRBD1*01,-1,-3,0.0
0,3,2, TRBD1*01,-1,-2,0.0
0,3,3, TRBD1*01,-1,-1,0.000124927
0,3,4, TRBD1*01,-1,0,0.036745
0,3,5, TRBD1*01,-1,1,0.0190867
0,3,6, TRBD1*01,-1,2,0.0585045
0,3,7, TRBD1*01,-1,3,0.206622
0,3,8, TRBD1*01,-1,4,0.054668
0,3,9, TRBD1*01,-1,5,0.137809
0,3,10, TRBD1*01,-1,6,0.103534
0,3,11, TRBD1*01,-1,7,0.0729411
0,3,12, TRBD1*01,-1,8,1.2917e-05
0,3,13, TRBD1*01,-1,9,0.0349086
0,3,14, TRBD1*01,-1,10,0.0958811
0,3,15, TRBD1*01,-1,11,0.0224181
0,3,16, TRBD1*01,-1,12,0.0486489
0,3,17, TRBD1*01,-1,13,0.108094
0,3,18, TRBD1*01,-1,14,0.0
0,3,19, TRBD1*01,-1,15,0.0
0,3,20, TRBD1*01,-1,16,0.0
0,4,0, TRBD1*01,0,-4,0.0
0,4,1, TRBD1*01,0,-3,1.05802e-05
0,4,2, TRBD1*01,0,-2,0.0103355
0,4,3, TRBD1*01,0,-1,0.000191009
0,4,4, TRBD1*01,0,0,0.0276772
0,4,5, TRBD1*01,0,1,0.0155729
0,4,6, TRBD1*01,0,2,0.113712
0,4,7, TRBD1*01,0,3,0.238087
0,4,8, TRBD1*01,0,4,0.0644123
0,4,9, TRBD1*01,0,5,0.2022
0,4,10, TRBD1*01,0,6,0.134892
0,4,11, TRBD1*01,0,7,0.0601931
0,4,12, TRBD1*01,0,8,0.00340427
0,4,13, TRBD1*01,0,9,0.0484597
0,4,14, TRBD1*01,0,10,0.031901
0,4,15, TRBD1*01,0,11,0.0185642
0,4,16, TRBD1*01,0,12,0.0303872
0,4,17, TRBD1*01,0,13,0.0
0,4,18, TRBD1*01,0,14,0.0
0,4,19, TRBD1*01,0,15,0.0
0,4,20, TRBD1*01,0,16,0.0
0,5,0, TRBD1*01,1,-4,0.0
0,5,1, TRBD1*01,1,-3,0.00208688
0,5,2, TRBD1*01,1,-2,0.00162529
0,5,3, TRBD1*01,1,-1,0.00279367
0,5,4, TRBD1*01,1,0,0.0492671
0,5,5, TRBD1*01,1,1,0.00518118
0,5,6, TRBD1*01,1,2,0.0395028
0,5,7, TRBD1*01,1,3,0.266516
0,5,8, TRBD1*01,1,4,0.133878
0,5,9, TRBD1*01,1,5,0.256608
0,5,10, TRBD1*01,1,6,0.0587272
0,5,11, TRBD1*01,1,7,0.116052
0,5,12, TRBD1*01,1,8,0.010383
0,5,13, TRBD1*01,1,9,0.02215
0,5,14, TRBD1*01,1,10,0.0143548
0,5,15, TRBD1*01,1,11,0.0208748
0,5,16, TRBD1*01,1,12,0.0
0,5,17, TRBD1*01,1,13,0.0
0,5,18, TRBD1*01,1,14,0.0
0,5,19, TRBD1*01,1,15,0.0
0,5,20, TRBD1*01,1,16,0.0
0,6,0, TRBD1*01,2,-4,0.0
0,6,1, TRBD1*01,2,-3,0.000297784
0,6,2, TRBD1*01,2,-2,0.00789186
0,6,3, TRBD1*01,2,-1,0.000949097
0,6,4, TRBD1*01,2,0,0.0470118
0,6,5, TRBD1*01,2,1,0.0129542
0,6,6, TRBD1*01,2,2,0.0642651
0,6,7, TRBD1*01,2,3,0.31799
0,6,8, TRBD1*01,2,4,0.147047
0,6,9, TRBD1*01,2,5,0.209629
0,6,10, TRBD1*01,2,6,0.0731469
0,6,11, TRBD1*01,2,7,0.0743845
0,6,12, TRBD1*01,2,8,0.0167337
0,6,13, TRBD1*01,2,9,0.0108149
0,6,14, TRBD1*01,2,10,0.0168839
0,6,15, TRBD1*01,2,11,0.0
0,6,16, TRBD1*01,2,12,0.0
0,6,17, TRBD1*01,2,13,0.0
0,6,18, TRBD1*01,2,14,0.0
0,6,19, TRBD1*01,2,15,0.0
0,6,20, TRBD1*01,2,16,0.0
0,7,0, TRBD1*01,3,-4,0.0
0,7,1, TRBD1*01,3,-3,2.24728e-11
0,7,2, TRBD1*01,3,-2,0.00286282
0,7,3, TRBD1*01,3,-1,0.010135
0,7,4, TRBD1*01,3,0,0.0925765
0,7,5, TRBD1*01,3,1,0.018342
0,7,6, TRBD1*01,3,2,0.190597
0,7,7, TRBD1*01,3,3,0.305687
0,7,8, TRBD1*01,3,4,0.124294
0,7,9, TRBD1*01,3,5,0.135174
0,7,10, TRBD1*01,3,6,0.0561267
0,7,11, TRBD1*01,3,7,0.0181095
0,7,12, TRBD1*01,3,8,0.0200636
0,7,13, TRBD1*01,3,9,0.0260323
0,7,14, TRBD1*01,3,10,0.0
0,7,15, TRBD1*01,3,11,0.0
0,7,16, TRBD1*01,3,12,0.0
0,7,17, TRBD1*01,3,13,0.0
0,7,18, TRBD1*01,3,14,0.0
0,7,19, TRBD1*01,3,15,0.0
0,7,20, TRBD1*01,3,16,0.0
0,8,0, TRBD1*01,4,-4,0.0
0,8,1, TRBD1*01,4,-3,4.33486e-11
0,8,2, TRBD1*01,4,-2,0.00254103
0,8,3, TRBD1*01,4,-1,0.0115308
0,8,4, TRBD1*01,4,0,0.0541307
0,8,5, TRBD1*01,4,1,0.0571905
0,8,6, TRBD1*01,4,2,0.0938639
0,8,7, TRBD1*01,4,3,0.370763
0,8,8, TRBD1*01,4,4,0.155579
0,8,9, TRBD1*01,4,5,0.214847
0,8,10, TRBD1*01,4,6,0.0146769
0,8,11, TRBD1*01,4,7,0.00818581
0,8,12, TRBD1*01,4,8,0.0166914
0,8,13, TRBD1*01,4,9,0.0
0,8,14, TRBD1*01,4,10,0.0
0,8,15, TRBD1*01,4,11,0.0
0,8,16, TRBD1*01,4,12,0.0
0,8,17, TRBD1*01,4,13,0.0
0,8,18, TRBD1*01,4,14,0.0
0,8,19, TRBD1*01,4,15,0.0
0,8,20, TRBD1*01,4,16,0.0
0,9,0, TRBD1*01,5,-4,1.91069e-09
0,9,1, TRBD1*01,5,-3,7.11357e-05
0,9,2, TRBD1*01,5,-2,0.0213173
0,9,3, TRBD1*01,5,-1,0.00679781
0,9,4, TRBD1*01,5,0,0.176533
0,9,5, TRBD1*01,5,1,0.106559
0,9,6, TRBD1*01,5,2,0.218894
0,9,7, TRBD1*01,5,3,0.247788
0,9,8, TRBD1*01,5,4,0.11784
0,9,9, TRBD1*01,5,5,0.0402682
0,9,10, TRBD1*01,5,6,0.0293609
0,9,11, TRBD1*01,5,7,0.0345714
0,9,12, TRBD1*01,5,8,0.0
0,9,13, TRBD1*01,5,9,0.0
0,9,14, TRBD1*01,5,10,0.0
0,9,15, TRBD1*01,5,11,0.0
0,9,16, TRBD1*01,5,12,0.0
0,9,17, TRBD1*01,5,13,0.0
0,9,18, TRBD1*01,5,14,0.0
0,9,19, TRBD1*01,5,15,0.0
0,9,20, TRBD1*01,5,16,0.0
0,10,0, TRBD1*01,6,-4,8.94492e-10
0,10,1, TRBD1*01,6,-3,0.0
0,10,2, TRBD1*01,6,-2,0.041821
0,10,3, TRBD1*01,6,-1,0.0433409
0,10,4, TRBD1*01,6,0,0.100587
0,10,5, TRBD1*01,6,1,0.0371882
0,10,6, TRBD1*01,6,2,0.213584
0,10,7, TRBD1*01,6,3,0.236734
0,10,8, TRBD1*01,6,4,0.132938
0,10,9, TRBD1*01,6,5,0.0744774
0,10,10, TRBD1*01,6,6,0.11933
0,10,11, TRBD1*01,6,7,0.0
0,10,12, TRBD1*01,6,8,0.0
0,10,13, TRBD1*01,6,9,0.0
0,10,14, TRBD1*01,6,10,0.0
0,10,15, TRBD1*01,6,11,0.0
0,10,16, TRBD1*01,6,12,0.0
0,10,17, TRBD1*01,6,13,0.0
0,10,18, TRBD1*01,6,14,0.0
0,10,19, TRBD1*01,6,15,0.0
0,10,20, TRBD1*01,6,16,0.0
0,11,0, TRBD1*01,7,-4,0.00542457
0,11,1, TRBD1*01,7,-3,0.000110746
0,11,2, TRBD1*01,7,-2,0.00616754
0,11,3, TRBD1*01,7,-1,0.0401084
0,11,4, TRBD1*01,7,0,0.258095
0,11,5, TRBD1*01,7,1,0.307088
0,11,6, TRBD1*01,7,2,0.161595
0,11,7, TRBD1*01,7,3,0.0913863
0,11,8, TRBD1*01,7,4,0.0494898
0,11,9, TRBD1*01,7,5,0.080534
0,11,10, TRBD1*01,7,6,0.0
0,11,11, TRBD1*01,7,7,0.0
0,11,12, TRBD1*01,7,8,0.0
0,11,13, TRBD1*01,7,9,0.0
0,11,14, TRBD1*01,7,10,0.0
0,11,15, TRBD1*01,7,11,0.0
0,11,16, TRBD1*01,7,12,0.0
0,11,17, TRBD1*01,7,13,0.0
0,11,18, TRBD1*01,7,14,0.0
0,11,19, TRBD1*01,7,15,0.0
0,11,20, TRBD1*01,7,16,0.0
0,12,0, TRBD1*01,8,-4,0.000154486
0,12,1, TRBD1*01,8,-3,0.00130556
0,12,2, TRBD1*01,8,-2,0.000146234
0,12,3, TRBD1*01,8,-1,0.00173977
0,12,4, TRBD1*01,8,0,0.193626
0,12,5, TRBD1*01,8,1,0.369582
0,12,6, TRBD1*01,8,2,0.198165
0,12,7, TRBD1*01,8,3,0.0923288
0,12,8, TRBD1*01,8,4,0.142952
0,12,9, TRBD1*01,8,5,0.0
0,12,10, TRBD1*01,8,6,0.0
0,12,11, TRBD1*01,8,7,0.0
0,12,12, TRBD1*01,8,8,0.0
0,12,13, TRBD1*01,8,9,0.0
0,12,14, TRBD1*01,8,10,0.0
0,12,15, TRBD1*01,8,11,0.0
0,12,16, TRBD1*01,8,12,0.0
0,12,17, TRBD1*01,8,13,0.0
0,12,18, TRBD1*01,8,14,0.0
0,12,19, TRBD1*01,8,15,0.0
0,12,20, TRBD1*01,8,16,0.0
0,13,0, TRBD1*01,9,-4,0.0
0,13,1, TRBD1*01,9,-3,1.03027e-05
0,13,2, TRBD1*01,9,-2,0.0145506
0,13,3, TRBD1*01,9,-1,0.019783
0,13,4, TRBD1*01,9,0,0.265248
0,13,5, TRBD1*01,9,1,0.321669
0,13,6, TRBD1*01,9,2,0.160546
0,13,7, TRBD1*01,9,3,0.218193
0,13,8, TRBD1*01,9,4,0.0
0,13,9, TRBD1*01,9,5,0.0
0,13,10, TRBD1*01,9,6,0.0
0,13,11, TRBD1*01,9,7,0.0
0,13,12, TRBD1*01,9,8,0.0
0,13,13, TRBD1*01,9,9,0.0
0,13,14, TRBD1*01,9,10,0.0
0,13,15, TRBD1*01,9,11,0.0
0,13,16, TRBD1*01,9,12,0.0
0,13,17, TRBD1*01,9,13,0.0
0,13,18, TRBD1*01,9,14,0.0
0,13,19, TRBD1*01,9,15,0.0
0,13,20, TRBD1*01,9,16,0.0
0,14,0, TRBD1*01,10,-4,0.0
0,14,1, TRBD1*01,10,-3,0.0
0,14,2, TRBD1*01,10,-2,0.0954916
0,14,3, TRBD1*01,10,-1,0.0093323
0,14,4, TRBD1*01,10,0,0.05396
0,14,5, TRBD1*01,10,1,0.344042
0,14,6, TRBD1*01,10,2,0.497174
0,14,7, TRBD1*01,10,3,0.0
0,14,8, TRBD1*01,10,4,0.0
0,14,9, TRBD1*01,10,5,0.0
0,14,10, TRBD1*01,10,6,0.0
0,14,11, TRBD1*01,10,7,0.0
0,14,12, TRBD1*01,10,8,0.0
0,14,13, TRBD1*01,10,9,0.0
0,14,14, TRBD1*01,10,10,0.0
0,14,15, TRBD1*01,10,11,0.0
0,14,16, TRBD1*01,10,12,0.0
0,14,17, TRBD1*01,10,13,0.0
0,14,18, TRBD1*01,10,14,0.0
0,14,19, TRBD1*01,10,15,0.0
0,14,20, TRBD1*01,10,16,0.0
0,15,0, TRBD1*01,11,-4,0.0
0,15,1, TRBD1*01,11,-3,0.0
0,15,2, TRBD1*01,11,-2,0.0
0,15,3, TRBD1*01,11,-1,0.112675
0,15,4, TRBD1*01,11,0,0.287483
0,15,5, TRBD1*01,11,1,0.599841
0,15,6, TRBD1*01,11,2,0.0
0,15,7, TRBD1*01,11,3,0.0
0,15,8, TRBD1*01,11,4,0.0
0,15,9, TRBD1*01,11,5,0.0
0,15,10, TRBD1*01,11,6,0.0
0,15,11, TRBD1*01,11,7,0.0
0,15,12, TRBD1*01,11,8,0.0
0,15,13, TRBD1*01,11,9,0.0
0,15,14, TRBD1*01,11,10,0.0
0,15,15, TRBD1*01,11,11,0.0
0,15,16, TRBD1*01,11,12,0.0
0,15,17, TRBD1*01,11,13,0.0
0,15,18, TRBD1*01,11,14,0.0
0,15,19, TRBD1*01,11,15,0.0
0,15,20, TRBD1*01,11,16,0.0
0,16,0, TRBD1*01,12,-4,0.0
0,16,1, TRBD1*01,12,-3,0.0
0,16,2, TRBD1*01,12,-2,0.0
0,16,3, TRBD1*01,12,-1,0.0
0,16,4, TRBD1*01,12,0,1.0
0,16,5, TRBD1*01,12,1,0.0
0,16,6, TRBD1*01,12,2,0.0
0,16,7, TRBD1*01,12,3,0.0
0,16,8, TRBD1*01,12,4,0.0
0,16,9, TRBD1*01,12,5,0.0
0,16,10, TRBD1*01,12,6,0.0
0,16,11, TRBD1*01,12,7,0.0
0,16,12, TRBD1*01,12,8,0.0
0,16,13, TRBD1*01,12,9,0.0
0,16,14, TRBD1*01,12,10,0.0
0,16,15, TRBD1*01,12,11,0.0
0,16,16, TRBD1*01,12,12,0.0
0,16,17, TRBD1*01,12,13,0.0
0,16,18, TRBD1*01,12,14,0.0
0,16,19, TRBD1*01,12,15,0.0
0,16,20, TRBD1*01,12,16,0.0
0,17,0, TRBD1*01,13,-4,0.0
0,17,1, TRBD1*01,13,-3,0.0
0,17,2, TRBD1*01,13,-2,0.0
0,17,3, TRBD1*01,13,-1,0.0
0,17,4, TRBD1*01,13,0,0.0
0,17,5, TRBD1*01,13,1,0.0
0,17,6, TRBD1*01,13,2,0.0
0,17,7, TRBD1*01,13,3,0.0
0,17,8, TRBD1*01,13,4,0.0
0,17,9, TRBD1*01,13,5,0.0
0,17,10, TRBD1*01,13,6,0.0
0,17,11, TRBD1*01,13,7,0.0
0,17,12, TRBD1*01,13,8,0.0
0,17,13, TRBD1*01,13,9,0.0
0,17,14, TRBD1*01,13,10,0.0
0,17,15, TRBD1*01,13,11,0.0
0,17,16, TRBD1*01,13,12,0.0
0,17,17, TRBD1*01,13,13,0.0
0,17,18, TRBD1*01,13,14,0.0
0,17,19, TRBD1*01,13,15,0.0
0,17,20, TRBD1*01,13,16,0.0
0,18,0, TRBD1*01,14,-4,0.0
0,18,1, TRBD1*01,14,-3,0.0
0,18,2, TRBD1*01,14,-2,0.0
0,18,3, TRBD1*01,14,-1,0.0
0,18,4, TRBD1*01,14,0,0.0
0,18,5, TRBD1*01,14,1,0.0
0,18,6, TRBD1*01,14,2,0.0
0,18,7, TRBD1*01,14,3,0.0
0,18,8, TRBD1*01,14,4,0.0
0,18,9, TRBD1*01,14,5,0.0
0,18,10, TRBD1*01,14,6,0.0
0,18,11, TRBD1*01,14,7,0.0
0,18,12, TRBD1*01,14,8,0.0
0,18,13, TRBD1*01,14,9,0.0
0,18,14, TRBD1*01,14,10,0.0
0,18,15, TRBD1*01,14,11,0.0
0,18,16, TRBD1*01,14,12,0.0
0,18,17, TRBD1*01,14,13,0.0
0,18,18, TRBD1*01,14,14,0.0
0,18,19, TRBD1*01,14,15,0.0
0,18,20, TRBD1*01,14,16,0.0
0,19,0, TRBD1*01,15,-4,0.0
0,19,1, TRBD1*01,15,-3,0.0
0,19,2, TRBD1*01,15,-2,0.0
0,19,3, TRBD1*01,15,-1,0.0
0,19,4, TRBD1*01,15,0,0.0
0,19,5, TRBD1*01,15,1,0.0
0,19,6, TRBD1*01,15,2,0.0
0,19,7, TRBD1*01,15,3,0.0
0,19,8, TRBD1*01,15,4,0.0
0,19,9, TRBD1*01,15,5,0.0
0,19,10, TRBD1*01,15,6,0.0
0,19,11, TRBD1*01,15,7,0.0
0,19,12, TRBD1*01,15,8,0.0
0,19,13, TRBD1*01,15,9,0.0
0,19,14, TRBD1*01,15,10,0.0
0,19,15, TRBD1*01,15,11,0.0
0,19,16, TRBD1*01,15,12,0.0
0,19,17, TRBD1*01,15,13,0.0
0,19,18, TRBD1*01,15,14,0.0
0,19,19, TRBD1*01,15,15,0.0
0,19,20, TRBD1*01,15,16,0.0
0,20,0, TRBD1*01,16,-4,0.0
0,20,1, TRBD1*01,16,-3,0.0
0,20,2, TRBD1*01,16,-2,0.0
0,20,3, TRBD1*01,16,-1,0.0
0,20,4, TRBD1*01,16,0,0.0
0,20,5, TRBD1*01,16,1,0.0
0,20,6, TRBD1*01,16,2,0.0
0,20,7, TRBD1*01,16,3,0.0
0,20,8, TRBD1*01,16,4,0.0
0,20,9, TRBD1*01,16,5,0.0
0,20,10, TRBD1*01,16,6,0.0
0,20,11, TRBD1*01,16,7,0.0
0,20,12, TRBD1*01,16,8,0.0
0,20,13, TRBD1*01,16,9,0.0
0,20,14, TRBD1*01,16,10,0.0
0,20,15, TRBD1*01,16,11,0.0
0,20,16, TRBD1*01,16,12,0.0
0,20,17, TRBD1*01,16,13,0.0
0,20,18, TRBD1*01,16,14,0.0
0,20,19, TRBD1*01,16,15,0.0
0,20,20, TRBD1*01,16,16,0.0
1,0,0, TRBD2*01,-4,-4,0.0
1,0,1, TRBD2*01,-4,-3,0.0
1,0,2, TRBD2*01,-4,-2,0.0
1,0,3, TRBD2*01,-4,-1,4.2007e-05
1,0,4, TRBD2*01,-4,0,0.0
1,0,5, TRBD2*01,-4,1,0.0110094
1,0,6, TRBD2*01,-4,2,0.067345
1,0,7, TRBD2*01,-4,3,0.037357
1,0,8, TRBD2*01,-4,4,0.273352
1,0,9, TRBD2*01,-4,5,0.0
1,0,10, TRBD2*01,-4,6,0.0
1,0,11, TRBD2*01,-4,7,0.0
1,0,12, TRBD2*01,-4,8,0.159468
1,0,13, TRBD2*01,-4,9,0.00545453
1,0,14, TRBD2*01,-4,10,0.358422
1,0,15, TRBD2*01,-4,11,3.8894e-08
1,0,16, TRBD2*01,-4,12,2.44819e-05
1,0,17, TRBD2*01,-4,13,0.000133051
1,0,18, TRBD2*01,-4,14,0.00211468
1,0,19, TRBD2*01,-4,15,0.00571094
1,0,20, TRBD2*01,-4,16,0.0795666
1,1,0, TRBD2*01,-3,-4,0.0
1,1,1, TRBD2*01,-3,-3,0.0
1,1,2, TRBD2*01,-3,-2,0.0
1,1,3, TRBD2*01,-3,-1,0.0
1,1,4, TRBD2*01,-3,0,0.00508095
1,1,5, TRBD2*01,-3,1,7.70472e-05
1,1,6, TRBD2*01,-3,2,3.47532e-05
1,1,7, TRBD2*01,-3,3,0.00244446
1,1,8, TRBD2*01,-3,4,0.00063026
1,1,9, TRBD2*01,-3,5,8.28726e-06
1,1,10, TRBD2*01,-3,6,0.0
1,1,11, TRBD2*01,-3,7,3.5599e-08
1,1,12, TRBD2*01,-3,8,3.52703e-05
1,1,13, TRBD2*01,-3,9,0.0562633
1,1,14, TRBD2*01,-3,10,0.0220036
1,1,15, TRBD2*01,-3,11,0.000832537
1,1,16, TRBD2*01,-3,12,0.0371752
1,1,17, TRBD2*01,-3,13,0.0027196
1,1,18, TRBD2*01,-3,14,0.0150811
1,1,19, TRBD2*01,-3,15,0.0809057
1,1,20, TRBD2*01,-3,16,0.776708
1,2,0, TRBD2*01,-2,-4,0.0
1,2,1, TRBD2*01,-2,-3,0.0
1,2,2, TRBD2*01,-2,-2,3.94418e-06
1,2,3, TRBD2*01,-2,-1,0.0176983
1,2,4, TRBD2*01,-2,0,0.0513091
1,2,5, TRBD2*01,-2,1,0.0880057
1,2,6, TRBD2*01,-2,2,0.0556341
1,2,7, TRBD2*01,-2,3,0.12555
1,2,8, TRBD2*01,-2,4,0.0801655
1,2,9, TRBD2*01,-2,5,0.0148239
1,2,10, TRBD2*01,-2,6,0.0521113
1,2,11, TRBD2*01,-2,7,0.049328
1,2,12, TRBD2*01,-2,8,0.120413
1,2,13, TRBD2*01,-2,9,0.0254469
1,2,14, TRBD2*01,-2,10,0.0197964
1,2,15, TRBD2*01,-2,11,0.149188
1,2,16, TRBD2*01,-2,12,2.92708e-05
1,2,17, TRBD2*01,-2,13,0.0129864
1,2,18, TRBD2*01,-2,14,0.00235577
1,2,19, TRBD2*01,-2,15,0.058881
1,2,20, TRBD2*01,-2,16,0.0762736
1,3,0, TRBD2*01,-1,-4,0.0
1,3,1, TRBD2*01,-1,-3,0.0
1,3,2, TRBD2*01,-1,-2,0.0135516
1,3,3, TRBD2*01,-1,-1,0.00884851
1,3,4, TRBD2*01,-1,0,7.58433e-05
1,3,5, TRBD2*01,-1,1,0.0483083
1,3,6, TRBD2*01,-1,2,0.168091
1,3,7, TRBD2*01,-1,3,0.0318787
1,3,8, TRBD2*01,-1,4,0.00256771
1,3,9, TRBD2*01,-1,5,0.0895308
1,3,10, TRBD2*01,-1,6,5.21474e-06
1,3,11, TRBD2*01,-1,7,0.124044
1,3,12, TRBD2*01,-1,8,0.0459441
1,3,13, TRBD2*01,-1,9,0.0307094
1,3,14, TRBD2*01,-1,10,0.0335092
1,3,15, TRBD2*01,-1,11,0.175639
1,3,16, TRBD2*01,-1,12,4.08116e-05
1,3,17, TRBD2*01,-1,13,0.0213038
1,3,18, TRBD2*01,-1,14,0.0629054
1,3,19, TRBD2*01,-1,15,0.0446331
1,3,20, TRBD2*01,-1,16,0.0984139
1,4,0, TRBD2*01,0,-4,0.0
1,4,1, TRBD2*01,0,-3,1.11548e-10
1,4,2, TRBD2*01,0,-2,0.00176292
1,4,3, TRBD2*01,0,-1,0.0404801
1,4,4, TRBD2*01,0,0,0.00393277
1,4,5, TRBD2*01,0,1,0.0626074
1,4,6, TRBD2*01,0,2,0.0879008
1,4,7, TRBD2*01,0,3,0.137922
1,4,8, TRBD2*01,0,4,0.0229807
1,4,9, TRBD2*01,0,5,0.11739
1,4,10, TRBD2*01,0,6,0.0568336
1,4,11, TRBD2*01,0,7,0.0515053
1,4,12, TRBD2*01,0,8,0.0820303
1,4,13, TRBD2*01,0,9,0.00796835
1,4,14, TRBD2*01,0,10,0.102719
1,4,15, TRBD2*01,0,11,0.116673
1,4,16, TRBD2*01,0,12,0.00308836
1,4,17, TRBD2*01,0,13,0.0147345
1,4,18, TRBD2*01,0,14,0.0183632
1,4,19, TRBD2*01,0,15,0.0227372
1,4,20, TRBD2*01,0,16,0.0483704
1,5,0, TRBD2*01,1,-4,0.0
1,5,1, TRBD2*01,1,-3,5.23878e-05
1,5,2, TRBD2*01,1,-2,0.0326264
1,5,3, TRBD2*01,1,-1,0.0120225
1,5,4, TRBD2*01,1,0,0.0305045
1,5,5, TRBD2*01,1,1,0.0638547
1,5,6, TRBD2*01,1,2,0.18284
1,5,7, TRBD2*01,1,3,0.12727
1,5,8, TRBD2*01,1,4,0.0751986
1,5,9, TRBD2*01,1,5,0.0410281
1,5,10, TRBD2*01,1,6,0.0667965
1,5,11, TRBD2*01,1,7,0.0576323
1,5,12, TRBD2*01,1,8,0.0579739
1,5,13, TRBD2*01,1,9,0.00183583
1,5,14, TRBD2*01,1,10,0.0523442
1,5,15, TRBD2*01,1,11,0.125895
1,5,16, TRBD2*01,1,12,0.00969783
1,5,17, TRBD2*01,1,13,0.0155299
1,5,18, TRBD2*01,1,14,0.0130271
1,5,19, TRBD2*01,1,15,0.0338694
1,5,20, TRBD2*01,1,16,0.0
1,6,0, TRBD2*01,2,-4,0.00195296
1,6,1, TRBD2*01,2,-3,7.29397e-06
1,6,2, TRBD2*01,2,-2,0.0196653
1,6,3, TRBD2*01,2,-1,0.0153726
1,6,4, TRBD2*01,2,0,0.0112743
1,6,5, TRBD2*01,2,1,0.091171
1,6,6, TRBD2*01,2,2,0.152938
1,6,7, TRBD2*01,2,3,0.150524
1,6,8, TRBD2*01,2,4,0.0797669
1,6,9, TRBD2*01,2,5,0.0673339
1,6,10, TRBD2*01,2,6,0.0309815
1,6,11, TRBD2*01,2,7,0.0689971
1,6,12, TRBD2*01,2,8,0.0809382
1,6,13, TRBD2*01,2,9,0.0113048
1,6,14, TRBD2*01,2,10,0.0557987
1,6,15, TRBD2*01,2,11,0.0937006
1,6,16, TRBD2*01,2,12,0.0327738
1,6,17, TRBD2*01,2,13,0.010641
1,6,18, TRBD2*01,2,14,0.0248583
1,6,19, TRBD2*01,2,15,0.0
1,6,20, TRBD2*01,2,16,0.0
1,7,0, TRBD2*01,3,-4,0.0
1,7,1, TRBD2*01,3,-3,0.0
1,7,2, TRBD2*01,3,-2,0.0426364
1,7,3, TRBD2*01,3,-1,0.0565433
1,7,4, TRBD2*01,3,0,0.00092675
1,7,5, TRBD2*01,3,1,0.0756713
1,7,6, TRBD2*01,3,2,0.172581
1,7,7, TRBD2*01,3,3,0.183729
1,7,8, TRBD2*01,3,4,0.0699763
1,7,9, TRBD2*01,3,5,0.0299662
1,7,10, TRBD2*01,3,6,0.0473224
1,7,11, TRBD2*01,3,7,0.0630032
1,7,12, TRBD2*01,3,8,0.0420547
1,7,13, TRBD2*01,3,9,0.00212787
1,7,14, TRBD2*01,3,10,0.0502348
1,7,15, TRBD2*01,3,11,0.0727362
1,7,16, TRBD2*01,3,12,0.0423702
1,7,17, TRBD2*01,3,13,0.0481201
1,7,18, TRBD2*01,3,14,0.0
1,7,19, TRBD2*01,3,15,0.0
1,7,20, TRBD2*01,3,16,0.0
1,8,0, TRBD2*01,4,-4,0.0
1,8,1, TRBD2*01,4,-3,3.97507e-09
1,8,2, TRBD2*01,4,-2,0.0161071
1,8,3, TRBD2*01,4,-1,0.0527512
1,8,4, TRBD2*01,4,0,0.00045168
1,8,5, TRBD2*01,4,1,0.103009
1,8,6, TRBD2*01,4,2,0.208767
1,8,7, TRBD2*01,4,3,0.138848
1,8,8, TRBD2*01,4,4,0.10751
1,8,9, TRBD2*01,4,5,0.0887942
1,8,10, TRBD2*01,4,6,0.043853
1,8,11, TRBD2*01,4,7,0.0700493
1,8,12, TRBD2*01,4,8,0.106136
1,8,13, TRBD2*01,4,9,0.0131827
1,8,14, TRBD2*01,4,10,0.0146064
1,8,15, TRBD2*01,4,11,0.0143477
1,8,16, TRBD2*01,4,12,0.0215859
1,8,17, TRBD2*01,4,13,0.0
1,8,18, TRBD2*01,4,14,0.0
1,8,19, TRBD2*01,4,15,0.0
1,8,20, TRBD2*01,4,16,0.0
1,9,0, TRBD2*01,5,-4,0.0
1,9,1, TRBD2*01,5,-3,0.000524551
1,9,2, TRBD2*01,5,-2,0.0274609
1,9,3, TRBD2*01,5,-1,0.0294522
1,9,4, TRBD2*01,5,0,0.0229976
1,9,5, TRBD2*01,5,1,0.143126
1,9,6, TRBD2*01,5,2,0.173963
1,9,7, TRBD2*01,5,3,0.164247
1,9,8, TRBD2*01,5,4,0.118881
1,9,9, TRBD2*01,5,5,0.0754524
1,9,10, TRBD2*01,5,6,0.0699322
1,9,11, TRBD2*01,5,7,0.0240448
1,9,12, TRBD2*01,5,8,0.0636327
1,9,13, TRBD2*01,5,9,0.0303774
1,9,14, TRBD2*01,5,10,0.0237872
1,9,15, TRBD2*01,5,11,0.0321197
1,9,16, TRBD2*01,5,12,0.0
1,9,17, TRBD2*01,5,13,0.0
1,9,18, TRBD2*01,5,14,0.0
1,9,19, TRBD2*01,5,15,0.0
1,9,20, TRBD2*01,5,16,0.0
1,10,0, TRBD2*01,6,-4,6.03587e-05
1,10,1, TRBD2*01,6,-3,2.47772e-11
1,10,2, TRBD2*01,6,-2,0.0820107
1,10,3, TRBD2*01,6,-1,0.0342215
1,10,4, TRBD2*01,6,0,0.0136576
1,10,5, TRBD2*01,6,1,0.165969
1,10,6, TRBD2*01,6,2,0.129032
1,10,7, TRBD2*01,6,3,0.295645
1,10,8, TRBD2*01,6,4,0.00423488
1,10,9, TRBD2*01,6,5,0.0870524
1,10,10, TRBD2*01,6,6,0.0343661
1,10,11, TRBD2*01,6,7,0.0216088
1,10,12, TRBD2*01,6,8,0.0565864
1,10,13, TRBD2*01,6,9,0.0341604
1,10,14, TRBD2*01,6,10,0.0413945
1,10,15, TRBD2*01,6,11,0.0
1,10,16, TRBD2*01,6,12,0.0
1,10,17, TRBD2*01,6,13,0.0
1,10,18, TRBD2*01,6,14,0.0
1,10,19, TRBD2*01,6,15,0.0
1,10,20, TRBD2*01,6,16,0.0
1,11,0, TRBD2*01,7,-4,0.00132984
1,11,1, TRBD2*01,7,-3,0.0
1,11,2, TRBD2*01,7,-2,0.0117417
1,11,3, TRBD2*01,7,-1,0.0777512
1,11,4, TRBD2*01,7,0,0.00363415
1,11,5, TRBD2*01,7,1,0.106895
1,11,6, TRBD2*01,7,2,0.431059
1,11,7, TRBD2*01,7,3,0.167289
1,11,8, TRBD2*01,7,4,0.0468299
1,11,9, TRBD2*01,7,5,0.050934
1,11,10, TRBD2*01,7,6,0.0343267
1,11,11, TRBD2*01,7,7,0.0142425
1,11,12, TRBD2*01,7,8,0.0176508
1,11,13, TRBD2*01,7,9,0.0363157
1,11,14, TRBD2*01,7,10,0.0
1,11,15, TRBD2*01,7,11,0.0
1,11,16, TRBD2*01,7,12,0.0
1,11,17, TRBD2*01,7,13,0.0
1,11,18, TRBD2*01,7,14,0.0
1,11,19, TRBD2*01,7,15,0.0
1,11,20, TRBD2*01,7,16,0.0
1,12,0, TRBD2*01,8,-4,0.00146094
1,12,1, TRBD2*01,8,-3,0.0
1,12,2, TRBD2*01,8,-2,0.00330604
1,12,3, TRBD2*01,8,-1,0.000535421
1,12,4, TRBD2*01,8,0,7.44557e-05
1,12,5, TRBD2*01,8,1,0.435081
1,12,6, TRBD2*01,8,2,0.139293
1,12,7, TRBD2*01,8,3,0.287446
1,12,8, TRBD2*01,8,4,0.0441373
1,12,9, TRBD2*01,8,5,0.0309325
1,12,10, TRBD2*01,8,6,0.0134057
1,12,11, TRBD2*01,8,7,0.0198684
1,12,12, TRBD2*01,8,8,0.0244587
1,12,13, TRBD2*01,8,9,0.0
1,12,14, TRBD2*01,8,10,0.0
1,12,15, TRBD2*01,8,11,0.0
1,12,16, TRBD2*01,8,12,0.0
1,12,17, TRBD2*01,8,13,0.0
1,12,18, TRBD2*01,8,14,0.0
1,12,19, TRBD2*01,8,15,0.0
1,12,20, TRBD2*01,8,16,0.0
1,13,0, TRBD2*01,9,-4,0.000770788
1,13,1, TRBD2*01,9,-3,1.44116e-05
1,13,2, TRBD2*01,9,-2,0.02691
1,13,3, TRBD2*01,9,-1,0.110436
1,13,4, TRBD2*01,9,0,0.487863
1,13,5, TRBD2*01,9,1,0.129816
1,13,6, TRBD2*01,9,2,0.0176012
1,13,7, TRBD2*01,9,3,0.125275
1,13,8, TRBD2*01,9,4,0.0364616
1,13,9, TRBD2*01,9,5,0.0232346
1,13,10, TRBD2*01,9,6,0.0143316
1,13,11, TRBD2*01,9,7,0.0272873
1,13,12, TRBD2*01,9,8,0.0
1,13,13, TRBD2*01,9,9,0.0
1,13,14, TRBD2*01,9,10,0.0
1,13,15, TRBD2*01,9,11,0.0
1,13,16, TRBD2*01,9,12,0.0
1,13,17, TRBD2*01,9,13,0.0
1,13,18, TRBD2*01,9,14,0.0
1,13,19, TRBD2*01,9,15,0.0
1,13,20, TRBD2*01,9,16,0.0
1,14,0, TRBD2*01,10,-4,4.98052e-08
1,14,1, TRBD2*01,10,-3,0.000206036
1,14,2, TRBD2*01,10,-2,0.108644
1,14,3, TRBD2*01,10,-1,0.0452975
1,14,4, TRBD2*01,10,0,0.0086478
1,14,5, TRBD2*01,10,1,0.0207375
1,14,6, TRBD2*01,10,2,0.130708
1,14,7, TRBD2*01,10,3,0.258596
1,14,8, TRBD2*01,10,4,0.128529
1,14,9, TRBD2*01,10,5,0.0974043
1,14,10, TRBD2*01,10,6,0.20123
1,14,11, TRBD2*01,10,7,0.0
1,14,12, TRBD2*01,10,8,0.0
1,14,13, TRBD2*01,10,9,0.0
1,14,14, TRBD2*01,10,10,0.0
1,14,15, TRBD2*01,10,11,0.0
1,14,16, TRBD2*01,10,12,0.0
1,14,17, TRBD2*01,10,13,0.0
1,14,18, TRBD2*01,10,14,0.0
1,14,19, TRBD2*01,10,15,0.0
1,14,20, TRBD2*01,10,16,0.0
1,15,0, TRBD2*01,11,-4,0.0507421
1,15,1, TRBD2*01,11,-3,0.000248641
1,15,2, TRBD2*01,11,-2,0.0143538
1,15,3, TRBD2*01,11,-1,0.000128354
1,15,4, TRBD2*01,11,0,0.0222508
1,15,5, TRBD2*01,11,1,0.246369
1,15,6, TRBD2*01,11,2,0.186615
1,15,7, TRBD2*01,11,3,0.184104
1,15,8, TRBD2*01,11,4,0.0977271
1,15,9, TRBD2*01,11,5,0.197461
1,15,10, TRBD2*01,11,6,0.0
1,15,11, TRBD2*01,11,7,0.0
1,15,12, TRBD2*01,11,8,0.0
1,15,13, TRBD2*01,11,9,0.0
1,15,14, TRBD2*01,11,10,0.0
1,15,15, TRBD2*01,11,11,0.0
1,15,16, TRBD2*01,11,12,0.0
1,15,17, TRBD2*01,11,13,0.0
1,15,18, TRBD2*01,11,14,0.0
1,15,19, TRBD2*01,11,15,0.0
1,15,20, TRBD2*01,11,16,0.0
1,16,0, TRBD2*01,12,-4,0.0919076
1,16,1, TRBD2*01,12,-3,0.0221145
1,16,2, TRBD2*01,12,-2,0.067201
1,16,3, TRBD2*01,12,-1,0.110828
1,16,4, TRBD2*01,12,0,0.100868
1,16,5, TRBD2*01,12,1,0.168562
1,16,6, TRBD2*01,12,2,0.124251
1,16,7, TRBD2*01,12,3,0.110798
1,16,8, TRBD2*01,12,4,0.20347
1,16,9, TRBD2*01,12,5,0.0
1,16,10, TRBD2*01,12,6,0.0
1,16,11, TRBD2*01,12,7,0.0
1,16,12, TRBD2*01,12,8,0.0
1,16,13, TRBD2*01,12,9,0.0
1,16,14, TRBD2*01,12,10,0.0
1,16,15, TRBD2*01,12,11,0.0
1,16,16, TRBD2*01,12,12,0.0
1,16,17, TRBD2*01,12,13,0.0
1,16,18, TRBD2*01,12,14,0.0
1,16,19, TRBD2*01,12,15,0.0
1,16,20, TRBD2*01,12,16,0.0
1,17,0, TRBD2*01,13,-4,0.0
1,17,1, TRBD2*01,13,-3,0.0679857
1,17,2, TRBD2*01,13,-2,0.196629
1,17,3, TRBD2*01,13,-1,0.147141
1,17,4, TRBD2*01,13,0,0.128314
1,17,5, TRBD2*01,13,1,0.127411
1,17,6, TRBD2*01,13,2,0.0995494
1,17,7, TRBD2*01,13,3,0.23297
1,17,8, TRBD2*01,13,4,0.0
1,17,9, TRBD2*01,13,5,0.0
1,17,10, TRBD2*01,13,6,0.0
1,17,11, TRBD2*01,13,7,0.0
1,17,12, TRBD2*01,13,8,0.0
1,17,13, TRBD2*01,13,9,0.0
1,17,14, TRBD2*01,13,10,0.0
1,17,15, TRBD2*01,13,11,0.0
1,17,16, TRBD2*01,13,12,0.0
1,17,17, TRBD2*01,13,13,0.0
1,17,18, TRBD2*01,13,14,0.0
1,17,19, TRBD2*01,13,15,0.0
1,17,20, TRBD2*01,13,16,0.0
1,18,0, TRBD2*01,14,-4,0.0
1,18,1, TRBD2*01,14,-3,0.0
1,18,2, TRBD2*01,14,-2,0.125405
1,18,3, TRBD2*01,14,-1,0.20947
1,18,4, TRBD2*01,14,0,0.184814
1,18,5, TRBD2*01,14,1,0.178782
1,18,6, TRBD2*01,14,2,0.301529
1,18,7, TRBD2*01,14,3,0.0
1,18,8, TRBD2*01,14,4,0.0
1,18,9, TRBD2*01,14,5,0.0
1,18,10, TRBD2*01,14,6,0.0
1,18,11, TRBD2*01,14,7,0.0
1,18,12, TRBD2*01,14,8,0.0
1,18,13, TRBD2*01,14,9,0.0
1,18,14, TRBD2*01,14,10,0.0
1,18,15, TRBD2*01,14,11,0.0
1,18,16, TRBD2*01,14,12,0.0
1,18,17, TRBD2*01,14,13,0.0
1,18,18, TRBD2*01,14,14,0.0
1,18,19, TRBD2*01,14,15,0.0
1,18,20, TRBD2*01,14,16,0.0
1,19,0, TRBD2*01,15,-4,0.0
1,19,1, TRBD2*01,15,-3,0.0
1,19,2, TRBD2*01,15,-2,0.0
1,19,3, TRBD2*01,15,-1,0.156497
1,19,4, TRBD2*01,15,0,0.262577
1,19,5, TRBD2*01,15,1,0.580926
1,19,6, TRBD2*01,15,2,0.0
1,19,7, TRBD2*01,15,3,0.0
1,19,8, TRBD2*01,15,4,0.0
1,19,9, TRBD2*01,15,5,0.0
1,19,10, TRBD2*01,15,6,0.0
1,19,11, TRBD2*01,15,7,0.0
1,19,12, TRBD2*01,15,8,0.0
1,19,13, TRBD2*01,15,9,0.0
1,19,14, TRBD2*01,15,10,0.0
1,19,15, TRBD2*01,15,11,0.0
1,19,16, TRBD2*01,15,12,0.0
1,19,17, TRBD2*01,15,13,0.0
1,19,18, TRBD2*01,15,14,0.0
1,19,19, TRBD2*01,15,15,0.0
1,19,20, TRBD2*01,15,16,0.0
1,20,0, TRBD2*01,16,-4,0.0
1,20,1, TRBD2*01,16,-3,0.0
1,20,2, TRBD2*01,16,-2,0.0
1,20,3, TRBD2*01,16,-1,0.0
1,20,4, TRBD2*01,16,0,1.0
1,20,5, TRBD2*01,16,1,0.0
1,20,6, TRBD2*01,16,2,0.0
1,20,7, TRBD2*01,16,3,0.0
1,20,8, TRBD2*01,16,4,0.0
1,20,9, TRBD2*01,16,5,0.0
1,20,10, TRBD2*01,16,6,0.0
1,20,11, TRBD2*01,16,7,0.0
1,20,12, TRBD2*01,16,8,0.0
1,20,13, TRBD2*01,16,9,0.0
1,20,14, TRBD2*01,16,10,0.0
1,20,15, TRBD2*01,16,11,0.0
1,20,16, TRBD2*01,16,12,0.0
1,20,17, TRBD2*01,16,13,0.0
1,20,18, TRBD2*01,16,14,0.0
1,20,19, TRBD2*01,16,15,0.0
1,20,20, TRBD2*01,16,16,0.0
2,0,0, TRBD2*02,-4,-4,0.0
2,0,1, TRBD2*02,-4,-3,0.0
2,0,2, TRBD2*02,-4,-2,0.0
2,0,3, TRBD2*02,-4,-1,0.0
2,0,4, TRBD2*02,-4,0,0.0
2,0,5, TRBD2*02,-4,1,0.0
2,0,6, TRBD2*02,-4,2,0.0
2,0,7, TRBD2*02,-4,3,0.0
2,0,8, TRBD2*02,-4,4,0.0
2,0,9, TRBD2*02,-4,5,0.0
2,0,10, TRBD2*02,-4,6,0.0
2,0,11, TRBD2*02,-4,7,0.0
2,0,12, TRBD2*02,-4,8,4.55676e-05
2,0,13, TRBD2*02,-4,9,0.296109
2,0,14, TRBD2*02,-4,10,0.0215902
2,0,15, TRBD2*02,-4,11,3.18412e-06
2,0,16, TRBD2*02,-4,12,2.35402e-07
2,0,17, TRBD2*02,-4,13,4.05855e-06
2,0,18, TRBD2*02,-4,14,0.000151398
2,0,19, TRBD2*02,-4,15,0.0189857
2,0,20, TRBD2*02,-4,16,0.663111
2,1,0, TRBD2*02,-3,-4,0.0
2,1,1, TRBD2*02,-3,-3,0.0
2,1,2, TRBD2*02,-3,-2,0.0
2,1,3, TRBD2*02,-3,-1,0.0
2,1,4, TRBD2*02,-3,0,0.0
2,1,5, TRBD2*02,-3,1,0.0
2,1,6, TRBD2*02,-3,2,0.0
2,1,7, TRBD2*02,-3,3,0.0
2,1,8, TRBD2*02,-3,4,0.0
2,1,9, TRBD2*02,-3,5,0.0
2,1,10, TRBD2*02,-3,6,0.0
2,1,11, TRBD2*02,-3,7,0.0
2,1,12, TRBD2*02,-3,8,1.73065e-07
2,1,13, TRBD2*02,-3,9,0.00558684
2,1,14, TRBD2*02,-3,10,0.00333574
2,1,15, TRBD2*02,-3,11,0.00213668
2,1,16, TRBD2*02,-3,12,0.000945762
2,1,17, TRBD2*02,-3,13,0.00950549
2,1,18, TRBD2*02,-3,14,0.012973
2,1,19, TRBD2*02,-3,15,0.0258015
2,1,20, TRBD2*02,-3,16,0.939715
2,2,0, TRBD2*02,-2,-4,0.0
2,2,1, TRBD2*02,-2,-3,0.0
2,2,2, TRBD2*02,-2,-2,0.0
2,2,3, TRBD2*02,-2,-1,0.0
2,2,4, TRBD2*02,-2,0,0.0
2,2,5, TRBD2*02,-2,1,0.0
2,2,6, TRBD2*02,-2,2,0.0
2,2,7, TRBD2*02,-2,3,0.0126183
2,2,8, TRBD2*02,-2,4,3.93857e-07
2,2,9, TRBD2*02,-2,5,2.0856e-05
2,2,10, TRBD2*02,-2,6,1.35487e-10
2,2,11, TRBD2*02,-2,7,1.01776e-09
2,2,12, TRBD2*02,-2,8,6.48192e-06
2,2,13, TRBD2*02,-2,9,0.0301273
2,2,14, TRBD2*02,-2,10,0.0137988
2,2,15, TRBD2*02,-2,11,0.529901
2,2,16, TRBD2*02,-2,12,0.00327493
2,2,17, TRBD2*02,-2,13,0.119843
2,2,18, TRBD2*02,-2,14,0.0120776
2,2,19, TRBD2*02,-2,15,0.125424
2,2,20, TRBD2*02,-2,16,0.152907
2,3,0, TRBD2*02,-1,-4,0.0
2,3,1, TRBD2*02,-1,-3,0.0
2,3,2, TRBD2*02,-1,-2,0.0
2,3,3, TRBD2*02,-1,-1,0.0
2,3,4, TRBD2*02,-1,0,0.0
2,3,5, TRBD2*02,-1,1,0.0
2,3,6, TRBD2*02,-1,2,0.0
2,3,7, TRBD2*02,-1,3,1.74153e-09
2,3,8, TRBD2*02,-1,4,0.0
2,3,9, TRBD2*02,-1,5,1.81437e-05
2,3,10, TRBD2*02,-1,6,0.0
2,3,11, TRBD2*02,-1,7,9.32618e-07
2,3,12, TRBD2*02,-1,8,2.66532e-06
2,3,13, TRBD2*02,-1,9,0.000186115
2,3,14, TRBD2*02,-1,10,0.00184292
2,3,15, TRBD2*02,-1,11,0.299317
2,3,16, TRBD2*02,-1,12,5.45502e-05
2,3,17, TRBD2*02,-1,13,0.123957
2,3,18, TRBD2*02,-1,14,0.286696
2,3,19, TRBD2*02,-1,15,0.113119
2,3,20, TRBD2*02,-1,16,0.174806
2,4,0, TRBD2*02,0,-4,0.0
2,4,1, TRBD2*02,0,-3,0.0
2,4,2, TRBD2*02,0,-2,0.0
2,4,3, TRBD2*02,0,-1,0.0
2,4,4, TRBD2*02,0,0,0.0
2,4,5, TRBD2*02,0,1,0.0
2,4,6, TRBD2*02,0,2,0.0
2,4,7, TRBD2*02,0,3,0.0
2,4,8, TRBD2*02,0,4,1.03696e-08
2,4,9, TRBD2*02,0,5,2.99719e-05
2,4,10, TRBD2*02,0,6,1.95874e-08
2,4,11, TRBD2*02,0,7,5.90906e-07
2,4,12, TRBD2*02,0,8,0.00129377
2,4,13, TRBD2*02,0,9,0.0012635
2,4,14, TRBD2*02,0,10,0.0403098
2,4,15, TRBD2*02,0,11,0.25677
2,4,16, TRBD2*02,0,12,0.0228753
2,4,17, TRBD2*02,0,13,0.204225
2,4,18, TRBD2*02,0,14,0.172806
2,4,19, TRBD2*02,0,15,0.119382
2,4,20, TRBD2*02,0,16,0.181043
2,5,0, TRBD2*02,1,-4,0.0
2,5,1, TRBD2*02,1,-3,0.0
2,5,2, TRBD2*02,1,-2,0.0
2,5,3, TRBD2*02,1,-1,0.0
2,5,4, TRBD2*02,1,0,0.0
2,5,5, TRBD2*02,1,1,0.0
2,5,6, TRBD2*02,1,2,0.0
2,5,7, TRBD2*02,1,3,0.0
2,5,8, TRBD2*02,1,4,1.8417e-07
2,5,9, TRBD2*02,1,5,1.47262e-05
2,5,10, TRBD2*02,1,6,4.46804e-08
2,5,11, TRBD2*02,1,7,1.00778e-06
2,5,12, TRBD2*02,1,8,0.000807269
2,5,13, TRBD2*02,1,9,4.01723e-05
2,5,14, TRBD2*02,1,10,0.0552621
2,5,15, TRBD2*02,1,11,0.436854
2,5,16, TRBD2*02,1,12,0.0990871
2,5,17, TRBD2*02,1,13,0.161986
2,5,18, TRBD2*02,1,14,0.0926168
2,5,19, TRBD2*02,1,15,0.153331
2,5,20, TRBD2*02,1,16,0.0
2,6,0, TRBD2*02,2,-4,0.0
2,6,1, TRBD2*02,2,-3,0.00419498
2,6,2, TRBD2*02,2,-2,0.0
2,6,3, TRBD2*02,2,-1,0.0
2,6,4, TRBD2*02,2,0,0.0
2,6,5, TRBD2*02,2,1,0.0
2,6,6, TRBD2*02,2,2,0.0
2,6,7, TRBD2*02,2,3,0.0
2,6,8, TRBD2*02,2,4,7.46379e-09
2,6,9, TRBD2*02,2,5,4.67185e-06
2,6,10, TRBD2*02,2,6,1.74017e-07
2,6,11, TRBD2*02,2,7,2.4177e-07
2,6,12, TRBD2*02,2,8,0.00655439
2,6,13, TRBD2*02,2,9,0.00604691
2,6,14, TRBD2*02,2,10,0.0479329
2,6,15, TRBD2*02,2,11,0.450256
2,6,16, TRBD2*02,2,12,0.2066
2,6,17, TRBD2*02,2,13,0.106752
2,6,18, TRBD2*02,2,14,0.171658
2,6,19, TRBD2*02,2,15,0.0
2,6,20, TRBD2*02,2,16,0.0
2,7,0, TRBD2*02,3,-4,0.0
2,7,1, TRBD2*02,3,-3,0.0
2,7,2, TRBD2*02,3,-2,0.0
2,7,3, TRBD2*02,3,-1,0.0
2,7,4, TRBD2*02,3,0,0.0
2,7,5, TRBD2*02,3,1,0.0
2,7,6, TRBD2*02,3,2,0.00270669
2,7,7, TRBD2*02,3,3,1.24138e-07
2,7,8, TRBD2*02,3,4,6.64036e-07
2,7,9, TRBD2*02,3,5,6.144e-06
2,7,10, TRBD2*02,3,6,5.33556e-05
2,7,11, TRBD2*02,3,7,3.16584e-06
2,7,12, TRBD2*02,3,8,0.00318547
2,7,13, TRBD2*02,3,9,0.0364622
2,7,14, TRBD2*02,3,10,0.0231772
2,7,15, TRBD2*02,3,11,0.181895
2,7,16, TRBD2*02,3,12,0.340357
2,7,17, TRBD2*02,3,13,0.412153
2,7,18, TRBD2*02,3,14,0.0
2,7,19, TRBD2*02,3,15,0.0
2,7,20, TRBD2*02,3,16,0.0
2,8,0, TRBD2*02,4,-4,0.0
2,8,1, TRBD2*02,4,-3,0.0
2,8,2, TRBD2*02,4,-2,0.0
2,8,3, TRBD2*02,4,-1,0.0
2,8,4, TRBD2*02,4,0,0.0
2,8,5, TRBD2*02,4,1,0.0
2,8,6, TRBD2*02,4,2,5.05535e-11
2,8,7, TRBD2*02,4,3,1.36301e-05
2,8,8, TRBD2*02,4,4,0.000213597
2,8,9, TRBD2*02,4,5,4.42782e-05
2,8,10, TRBD2*02,4,6,8.17319e-06
2,8,11, TRBD2*02,4,7,1.22242e-05
2,8,12, TRBD2*02,4,8,0.0174683
2,8,13, TRBD2*02,4,9,0.079281
2,8,14, TRBD2*02,4,10,0.154626
2,8,15, TRBD2*02,4,11,0.223767
2,8,16, TRBD2*02,4,12,0.524566
2,8,17, TRBD2*02,4,13,0.0
2,8,18, TRBD2*02,4,14,0.0
2,8,19, TRBD2*02,4,15,0.0
2,8,20, TRBD2*02,4,16,0.0
2,9,0, TRBD2*02,5,-4,0.0
2,9,1, TRBD2*02,5,-3,0.0
2,9,2, TRBD2*02,5,-2,0.0
2,9,3, TRBD2*02,5,-1,0.0
2,9,4, TRBD2*02,5,0,1.70499e-08
2,9,5, TRBD2*02,5,1,0.0
2,9,6, TRBD2*02,5,2,0.0
2,9,7, TRBD2*02,5,3,7.30079e-09
2,9,8, TRBD2*02,5,4,7.50312e-06
2,9,9, TRBD2*02,5,5,0.00714719
2,9,10, TRBD2*02,5,6,0.00120307
2,9,11, TRBD2*02,5,7,0.0147495
2,9,12, TRBD2*02,5,8,0.14701
2,9,13, TRBD2*02,5,9,0.246541
2,9,14, TRBD2*02,5,10,0.321593
2,9,15, TRBD2*02,5,11,0.261748
2,9,16, TRBD2*02,5,12,0.0
2,9,17, TRBD2*02,5,13,0.0
2,9,18, TRBD2*02,5,14,0.0
2,9,19, TRBD2*02,5,15,0.0
2,9,20, TRBD2*02,5,16,0.0
2,10,0, TRBD2*02,6,-4,0.0
2,10,1, TRBD2*02,6,-3,0.0
2,10,2, TRBD2*02,6,-2,0.0
2,10,3, TRBD2*02,6,-1,0.0
2,10,4, TRBD2*02,6,0,3.55513e-06
2,10,5, TRBD2*02,6,1,4.60692e-10
2,10,6, TRBD2*02,6,2,0.0
2,10,7, TRBD2*02,6,3,0.157641
2,10,8, TRBD2*02,6,4,0.0026631
2,10,9, TRBD2*02,6,5,0.00288973
2,10,10, TRBD2*02,6,6,0.0134767
2,10,11, TRBD2*02,6,7,0.0479412
2,10,12, TRBD2*02,6,8,0.313301
2,10,13, TRBD2*02,6,9,0.211618
2,10,14, TRBD2*02,6,10,0.250465
2,10,15, TRBD2*02,6,11,0.0
2,10,16, TRBD2*02,6,12,0.0
2,10,17, TRBD2*02,6,13,0.0
2,10,18, TRBD2*02,6,14,0.0
2,10,19, TRBD2*02,6,15,0.0
2,10,20, TRBD2*02,6,16,0.0
2,11,0, TRBD2*02,7,-4,0.0
2,11,1, TRBD2*02,7,-3,0.0
2,11,2, TRBD2*02,7,-2,0.0
2,11,3, TRBD2*02,7,-1,0.0
2,11,4, TRBD2*02,7,0,5.06645e-08
2,11,5, TRBD2*02,7,1,4.59597e-05
2,11,6, TRBD2*02,7,2,0.0182505
2,11,7, TRBD2*02,7,3,0.19208
2,11,8, TRBD2*02,7,4,0.109734
2,11,9, TRBD2*02,7,5,0.155782
2,11,10, TRBD2*02,7,6,0.0182219
2,11,11, TRBD2*02,7,7,0.0583938
2,11,12, TRBD2*02,7,8,0.188631
2,11,13, TRBD2*02,7,9,0.258861
2,11,14, TRBD2*02,7,10,0.0
2,11,15, TRBD2*02,7,11,0.0
2,11,16, TRBD2*02,7,12,0.0
2,11,17, TRBD2*02,7,13,0.0
2,11,18, TRBD2*02,7,14,0.0
2,11,19, TRBD2*02,7,15,0.0
2,11,20, TRBD2*02,7,16,0.0
2,12,0, TRBD2*02,8,-4,0.00279692
2,12,1, TRBD2*02,8,-3,0.0
2,12,2, TRBD2*02,8,-2,0.0
2,12,3, TRBD2*02,8,-1,4.73167e-07
2,12,4, TRBD2*02,8,0,1.5169e-07
2,12,5, TRBD2*02,8,1,0.000727798
2,12,6, TRBD2*02,8,2,0.00266469
2,12,7, TRBD2*02,8,3,0.0713519
2,12,8, TRBD2*02,8,4,0.35144
2,12,9, TRBD2*02,8,5,0.3037
2,12,10, TRBD2*02,8,6,0.0527662
2,12,11, TRBD2*02,8,7,0.0717141
2,12,12, TRBD2*02,8,8,0.142838
2,12,13, TRBD2*02,8,9,0.0
2,12,14, TRBD2*02,8,10,0.0
2,12,15, TRBD2*02,8,11,0.0
2,12,16, TRBD2*02,8,12,0.0
2,12,17, TRBD2*02,8,13,0.0
2,12,18, TRBD2*02,8,14,0.0
2,12,19, TRBD2*02,8,15,0.0
2,12,20, TRBD2*02,8,16,0.0
2,13,0, TRBD2*02,9,-4,3.15046e-10
2,13,1, TRBD2*02,9,-3,6.0507e-05
2,13,2, TRBD2*02,9,-2,1.71416e-07
2,13,3, TRBD2*02,9,-1,2.52523e-06
2,13,4, TRBD2*02,9,0,0.156716
2,13,5, TRBD2*02,9,1,0.0892836
2,13,6, TRBD2*02,9,2,0.0742104
2,13,7, TRBD2*02,9,3,0.245037
2,13,8, TRBD2*02,9,4,0.194962
2,13,9, TRBD2*02,9,5,0.117981
2,13,10, TRBD2*02,9,6,0.0511957
2,13,11, TRBD2*02,9,7,0.0705517
2,13,12, TRBD2*02,9,8,0.0
2,13,13, TRBD2*02,9,9,0.0
2,13,14, TRBD2*02,9,10,0.0
2,13,15, TRBD2*02,9,11,0.0
2,13,16, TRBD2*02,9,12,0.0
2,13,17, TRBD2*02,9,13,0.0
2,13,18, TRBD2*02,9,14,0.0
2,13,19, TRBD2*02,9,15,0.0
2,13,20, TRBD2*02,9,16,0.0
2,14,0, TRBD2*02,10,-4,6.54592e-05
2,14,1, TRBD2*02,10,-3,0.000831643
2,14,2, TRBD2*02,10,-2,2.25341e-06
2,14,3, TRBD2*02,10,-1,0.000250238
2,14,4, TRBD2*02,10,0,0.197725
2,14,5, TRBD2*02,10,1,0.150142
2,14,6, TRBD2*02,10,2,0.0735536
2,14,7, TRBD2*02,10,3,0.186353
2,14,8, TRBD2*02,10,4,0.171081
2,14,9, TRBD2*02,10,5,0.0905148
2,14,10, TRBD2*02,10,6,0.12948
2,14,11, TRBD2*02,10,7,0.0
2,14,12, TRBD2*02,10,8,0.0
2,14,13, TRBD2*02,10,9,0.0
2,14,14, TRBD2*02,10,10,0.0
2,14,15, TRBD2*02,10,11,0.0
2,14,16, TRBD2*02,10,12,0.0
2,14,17, TRBD2*02,10,13,0.0
2,14,18, TRBD2*02,10,14,0.0
2,14,19, TRBD2*02,10,15,0.0
2,14,20, TRBD2*02,10,16,0.0
2,15,0, TRBD2*02,11,-4,0.00326831
2,15,1, TRBD2*02,11,-3,0.000298171
2,15,2, TRBD2*02,11,-2,0.000199212
2,15,3, TRBD2*02,11,-1,0.00124234
2,15,4, TRBD2*02,11,0,0.353283
2,15,5, TRBD2*02,11,1,0.163609
2,15,6, TRBD2*02,11,2,0.165642
2,15,7, TRBD2*02,11,3,0.131886
2,15,8, TRBD2*02,11,4,0.0731814
2,15,9, TRBD2*02,11,5,0.10739
2,15,10, TRBD2*02,11,6,0.0
2,15,11, TRBD2*02,11,7,0.0
2,15,12, TRBD2*02,11,8,0.0
2,15,13, TRBD2*02,11,9,0.0
2,15,14, TRBD2*02,11,10,0.0
2,15,15, TRBD2*02,11,11,0.0
2,15,16, TRBD2*02,11,12,0.0
2,15,17, TRBD2*02,11,13,0.0
2,15,18, TRBD2*02,11,14,0.0
2,15,19, TRBD2*02,11,15,0.0
2,15,20, TRBD2*02,11,16,0.0
2,16,0, TRBD2*02,12,-4,0.000177562
2,16,1, TRBD2*02,12,-3,0.00815516
2,16,2, TRBD2*02,12,-2,0.0305285
2,16,3, TRBD2*02,12,-1,0.00855393
2,16,4, TRBD2*02,12,0,0.323938
2,16,5, TRBD2*02,12,1,0.285954
2,16,6, TRBD2*02,12,2,0.137011
2,16,7, TRBD2*02,12,3,0.0983232
2,16,8, TRBD2*02,12,4,0.107359
2,16,9, TRBD2*02,12,5,0.0
2,16,10, TRBD2*02,12,6,0.0
2,16,11, TRBD2*02,12,7,0.0
2,16,12, TRBD2*02,12,8,0.0
2,16,13, TRBD2*02,12,9,0.0
2,16,14, TRBD2*02,12,10,0.0
2,16,15, TRBD2*02,12,11,0.0
2,16,16, TRBD2*02,12,12,0.0
2,16,17, TRBD2*02,12,13,0.0
2,16,18, TRBD2*02,12,14,0.0
2,16,19, TRBD2*02,12,15,0.0
2,16,20, TRBD2*02,12,16,0.0
2,17,0, TRBD2*02,13,-4,0.0
2,17,1, TRBD2*02,13,-3,0.0554072
2,17,2, TRBD2*02,13,-2,0.133749
2,17,3, TRBD2*02,13,-1,0.207917
2,17,4, TRBD2*02,13,0,0.197506
2,17,5, TRBD2*02,13,1,0.162925
2,17,6, TRBD2*02,13,2,0.0936666
2,17,7, TRBD2*02,13,3,0.148829
2,17,8, TRBD2*02,13,4,0.0
2,17,9, TRBD2*02,13,5,0.0
2,17,10, TRBD2*02,13,6,0.0
2,17,11, TRBD2*02,13,7,0.0
2,17,12, TRBD2*02,13,8,0.0
2,17,13, TRBD2*02,13,9,0.0
2,17,14, TRBD2*02,13,10,0.0
2,17,15, TRBD2*02,13,11,0.0
2,17,16, TRBD2*02,13,12,0.0
2,17,17, TRBD2*02,13,13,0.0
2,17,18, TRBD2*02,13,14,0.0
2,17,19, TRBD2*02,13,15,0.0
2,17,20, TRBD2*02,13,16,0.0
2,18,0, TRBD2*02,14,-4,0.0
2,18,1, TRBD2*02,14,-3,0.0
2,18,2, TRBD2*02,14,-2,0.162236
2,18,3, TRBD2*02,14,-1,0.235654
2,18,4, TRBD2*02,14,0,0.24443
2,18,5, TRBD2*02,14,1,0.139379
2,18,6, TRBD2*02,14,2,0.218301
2,18,7, TRBD2*02,14,3,0.0
2,18,8, TRBD2*02,14,4,0.0
2,18,9, TRBD2*02,14,5,0.0
2,18,10, TRBD2*02,14,6,0.0
2,18,11, TRBD2*02,14,7,0.0
2,18,12, TRBD2*02,14,8,0.0
2,18,13, TRBD2*02,14,9,0.0
2,18,14, TRBD2*02,14,10,0.0
2,18,15, TRBD2*02,14,11,0.0
2,18,16, TRBD2*02,14,12,0.0
2,18,17, TRBD2*02,14,13,0.0
2,18,18, TRBD2*02,14,14,0.0
2,18,19, TRBD2*02,14,15,0.0
2,18,20, TRBD2*02,14,16,0.0
2,19,0, TRBD2*02,15,-4,0.0
2,19,1, TRBD2*02,15,-3,0.0
2,19,2, TRBD2*02,15,-2,0.0
2,19,3, TRBD2*02,15,-1,0.0757407
2,19,4, TRBD2*02,15,0,0.35877
2,19,5, TRBD2*02,15,1,0.565489
2,19,6, TRBD2*02,15,2,0.0
2,19,7, TRBD2*02,15,3,0.0
2,19,8, TRBD2*02,15,4,0.0
2,19,9, TRBD2*02,15,5,0.0
2,19,10, TRBD2*02,15,6,0.0
2,19,11, TRBD2*02,15,7,0.0
2,19,12, TRBD2*02,15,8,0.0
2,19,13, TRBD2*02,15,9,0.0
2,19,14, TRBD2*02,15,10,0.0
2,19,15, TRBD2*02,15,11,0.0
2,19,16, TRBD2*02,15,12,0.0
2,19,17, TRBD2*02,15,13,0.0
2,19,18, TRBD2*02,15,14,0.0
2,19,19, TRBD2*02,15,15,0.0
2,19,20, TRBD2*02,15,16,0.0
2,20,0, TRBD2*02,16,-4,0.0
2,20,1, TRBD2*02,16,-3,0.0
2,20,2, TRBD2*02,16,-2,0.0
2,20,3, TRBD2*02,16,-1,0.0
2,20,4, TRBD2*02,16,0,1.0
2,20,5, TRBD2*02,16,1,0.0
2,20,6, TRBD2*02,16,2,0.0
2,20,7, TRBD2*02,16,3,0.0
2,20,8, TRBD2*02,16,4,0.0
2,20,9, TRBD2*02,16,5,0.0
2,20,10, TRBD2*02,16,6,0.0
2,20,11, TRBD2*02,16,7,0.0
2,20,12, TRBD2*02,16,8,0.0
2,20,13, TRBD2*02,16,9,0.0
2,20,14, TRBD2*02,16,10,0.0
2,20,15, TRBD2*02,16,11,0.0
2,20,16, TRBD2*02,16,12,0.0
2,20,17, TRBD2*02,16,13,0.0
2,20,18, TRBD2*02,16,14,0.0
2,20,19, TRBD2*02,16,15,0.0
2,20,20, TRBD2*02,16,16,0.0
